<?xml version="1.0"?>
<Sector xmlns:xsi="http://www.w3.org/2001/XMLSchema-instance" xmlns:xsd="http://www.w3.org/2001/XMLSchema">
  <Name>Spinward Marches</Name>
  <Name Lang="zh">Tloql</Name>
  <Credits>

             &lt;b&gt;The Spinward Marches&lt;/b&gt; were designed by Marc W.
    Miller and appear in &lt;cite&gt;Traveller Supplement 3: The
    Spinward Marches&lt;/cite&gt; (GDW, 1979).

  </Credits>
  <Product Author="Martin J. Dougherty" Title="The Spinward Marches" Publisher="Mongoose Publishing" Ref="http://www.mongoosepublishing.com/spinward-marches.html" />
  <Subsectors>
    <Subsector Index="A">Cronor</Subsector>
    <Subsector Index="B">Jewell</Subsector>
    <Subsector Index="C">Regina</Subsector>
    <Subsector Index="D">Aramis</Subsector>
    <Subsector Index="E">Querion</Subsector>
    <Subsector Index="F">Vilis</Subsector>
    <Subsector Index="G">Lanth</Subsector>
    <Subsector Index="H">Rhylanor</Subsector>
    <Subsector Index="I">Darrian</Subsector>
    <Subsector Index="J">Sword Worlds</Subsector>
    <Subsector Index="K">Lunion</Subsector>
    <Subsector Index="L">Mora</Subsector>
    <Subsector Index="M">Five Sisters</Subsector>
    <Subsector Index="N">District 268</Subsector>
    <Subsector Index="O">Glisten</Subsector>
    <Subsector Index="P">Trin's Veil</Subsector>
  </Subsectors>
  <Allegiances>
    <Allegiance Code="ZhIN">Zhodani Consulate, Iadr Nsobl Province</Allegiance>
    <Allegiance Code="NaHu">Non-Aligned, Human-dominated</Allegiance>
    <Allegiance Code="ImDd">Third Imperium, Domain of Deneb</Allegiance>
    <Allegiance Code="CsZh">Client state, Zhodani Consulate</Allegiance>
    <Allegiance Code="DaCf">Darrian Confederation</Allegiance>
    <Allegiance Code="NaXX">Non-Aligned, unclaimed</Allegiance>
    <Allegiance Code="CsIm">Client state, Third Imperium</Allegiance>
    <Allegiance Code="SwCf">Sword Worlds Confederation</Allegiance>
  </Allegiances>
  <Stylesheet>
    border.DaCf { color: lightblue; }
    route.DaCf { color: lightgreen; }

    border.SwCf { color: blue; }
    route.SwCf { color: #006600; }
  </Stylesheet>
  <Borders>
    <Border WrapLabel="true" Allegiance="DaCf" LabelPosition="0423">0223 0323 0422 0421 0522 0621 0721 0821 0822 0723 0724 0725 0726 0727 0728 0627 0527 0427 0426 0326 0325 0224 0223</Border>
    <Border WrapLabel="true" Allegiance="SwCf" LabelPosition="1327">0620 0720 0820 0921 1021 1121 1221 1322 1421 1522 1523 1524 1525 1526 1626 1627 1628 1529 1528 1427 1327 1227 1128 1129 1130 1129 1028 0928 0927 0926 0925 0924 0923 0922 0921 0820 0720 0620</Border>
    <Border WrapLabel="true" Allegiance="ZhIN" LabelPosition="0205" Label="Zhodani Consulate">0000 0100 0200 0101 0102 0202 0303 0403 0504 0604 0705 0804 0904 1003 1103 1102 1201 1302 1401 1402 1303 1202 1103 1003 0904 0804 0705 0604 0505 0506 0507 0508 0608 0609 0610 0611 0712 0612 0613 0614 0514 0413 0412 0512 0511 0610 0609 0608 0508 0407 0307 0206 0106 0006 0005 0004 0003 0002 0001 0000</Border>
    <Border WrapLabel="false" Allegiance="ImDd" LabelPosition="2021" Label="Third Imperium">1005 1105 1204 1305 1405 1505 1604 1704 1803 1802 1903 2002 2102 2201 2302 2402 2502 2601 2701 2801 2902 3001 3102 3201 3302 3303 3304 3305 3306 3307 3308 3309 3310 3311 3312 3313 3314 3315 3316 3317 3318 3319 3320 3321 3322 3323 3324 3325 3326 3327 3328 3329 3330 3331 3332 3333 3334 3335 3336 3337 3338 3339 3340 3341 3241 3141 3041 2941 2841 2741 2641 2541 2441 2341 2241 2141 2041 1941 1840 1839 1739 1738 1637 1537 1636 1736 1835 1834 1833 1733 1832 1831 1731 1730 1729 1728 1727 1826 1825 1824 1823 1822 1821 1721 1620 1520 1419 1320 1219 1119 1019 1020 1019 1018 1118 1117 1116 1215 1214 1314 1313 1412 1512 1611 1711 1810 1910 1909 1808 1708 1607 1507 1407 1307 1207 1107 1006 1005</Border>
    <Border ShowLabel="false" WrapLabel="false" Allegiance="ImDd" LabelPosition="1430" Label="Third Imperium">1329 1429 1430 1330 1329</Border>
    <Border WrapLabel="false" Allegiance="ImDd" LabelPosition="0335" Label="Third Imperium">0133 0232 0332 0432 0533 0632 0732 0733 0633 0534 0535 0635 0636 0737 0738 0638 0539 0438 0339 0238 0139 0138 0137 0136 0135 0134 0133</Border>
    <Border ShowLabel="false" WrapLabel="false" Allegiance="ImDd" LabelPosition="0930" Label="Third Imperium">0930</Border>
  </Borders>
  <Routes>
    <Route Start="1106" End="1006" />
    <Route Start="1106" End="1005" />
    <Route Start="1106" End="1204" />
    <Route Start="1106" End="1307" />
    <Route Start="1307" End="1705" />
    <Route Start="1826" End="2228" />
    <Route Start="1705" End="1904" />
    <Route Start="1904" End="1903" />
    <Route Start="1903" End="2202" />
    <Route Start="1904" End="2005" />
    <Route Start="2005" End="2007" />
    <Route Start="2007" End="1910" />
    <Route Start="1910" End="1810" />
    <Route Start="1810" End="1711" />
    <Route Start="1711" End="1413" />
    <Route Start="1413" End="1116" />
    <Route Start="1116" End="1118" />
    <Route Start="1910" End="1912" />
    <Route Start="1912" End="1815" />
    <Route Start="1815" End="1719" />
    <Route Start="1719" End="1920" />
    <Route Start="1920" End="2319" />
    <Route Start="2319" End="2417" />
    <Route Start="2417" End="2716" />
    <Route Start="2716" End="2814" />
    <Route Start="2814" End="2712" />
    <Route Start="2712" End="2510" />
    <Route Start="2510" End="2410" />
    <Route Start="2814" End="2913" />
    <Route Start="2913" End="3010" />
    <Route Start="3010" End="3110" />
    <Route Start="3110" End="3209" />
    <Route Start="3209" End="3309" />
    <Route Start="2913" End="3212" />
    <Route Start="3212" End="3312" />
    <Route Start="2319" End="2418" />
    <Route Start="2418" End="2621" />
    <Route Start="2621" End="2323" />
    <Route Start="2323" End="2124" />
    <Route Start="2124" End="1824" />
    <Route Start="1824" End="1526" />
    <Route Start="1526" End="1525" Allegiance="SwCf" />
    <Route Start="1525" End="1524" Allegiance="SwCf" />
    <Route Start="1524" End="1523" Allegiance="SwCf" />
    <Route Start="1523" End="1522" Allegiance="SwCf" />
    <Route Start="1524" End="1424" Allegiance="SwCf" />
    <Route Start="1424" End="1324" Allegiance="SwCf" />
    <Route Start="1324" End="1223" Allegiance="SwCf" />
    <Route Start="1223" End="1123" Allegiance="SwCf" />
    <Route Start="1123" End="1022" Allegiance="SwCf" />
    <Route Start="1022" End="0922" Allegiance="SwCf" />
    <Route Start="0922" End="0921" Allegiance="SwCf" />
    <Route Start="1424" End="1325" Allegiance="SwCf" />
    <Route Start="1325" End="1225" Allegiance="SwCf" />
    <Route Start="1225" End="1126" Allegiance="SwCf" />
    <Route Start="1126" End="1026" Allegiance="SwCf" />
    <Route Start="1026" End="0927" Allegiance="SwCf" />
    <Route Start="1526" End="1329" />
    <Route Start="1329" End="0930" />
    <Route Start="0930" End="0732" />
    <Route Start="0732" End="0534" />
    <Route Start="0534" End="0433" />
    <Route Start="0433" End="0333" />
    <Route Start="0333" End="0133" />
    <Route Start="0534" End="0538" />
    <Route Start="0538" End="0139" />
    <Route Start="2124" End="2125" />
    <Route Start="2125" End="1826" />
    <Route Start="2125" End="2327" />
    <Route Start="2327" End="2228" />
    <Route Start="2228" End="2231" />
    <Route Start="2231" End="2334" />
    <Route Start="2334" End="2336" />
    <Route Start="2336" End="2036" />
    <Route Start="2036" End="1937" />
    <Route Start="1937" End="1737" />
    <Route Start="1737" End="1537" />
    <Route Start="2036" End="1938" />
    <Route Start="2036" End="2138" />
    <Route Start="2138" End="2140" />
    <Route Start="2140" End="2102" EndOffsetY="1" />
    <Route Start="2336" End="2536" />
    <Route Start="2536" End="2537" />
    <Route Start="2537" End="2637" />
    <Route Start="2637" End="2739" />
    <Route Start="2739" End="2839" />
    <Route Start="2839" End="2940" />
    <Route Start="2839" End="3139" />
    <Route Start="2637" End="2936" />
    <Route Start="2936" End="3235" />
    <Route Start="3235" End="3032" />
    <Route Start="3032" End="2733" />
    <Route Start="2733" End="2536" />
    <Route Start="2733" End="2334" />
    <Route Start="3032" End="3030" />
    <Route Start="3030" End="3029" />
    <Route Start="3029" End="2927" />
    <Route Start="2927" End="2828" />
    <Route Start="2927" End="3025" />
    <Route Start="3025" End="2726" />
    <Route Start="2726" End="2324" />
    <Route Start="2323" End="2324" />
    <Route Start="3025" End="3124" />
    <Route Start="3124" End="3324" />
    <Route Start="3003" End="3103" />
    <Route Start="3103" End="3202" />
    <Route Start="3202" End="3302" />
    <Route Start="0001" End="0103" Allegiance="ZhCo" />
    <Route Start="0103" End="0304" Allegiance="ZhCo" />
    <Route Start="0304" End="0307" Allegiance="ZhCo" />
    <Route Start="0307" End="0608" Allegiance="ZhCo" />
    <Route Start="0608" End="0610" Allegiance="ZhCo" />
    <Route Start="0610" End="0712" Allegiance="ZhCo" />
    <Route Start="0712" End="0614" Allegiance="ZhCo" />
    <Route Start="0614" End="0412" Allegiance="ZhCo" />
    <Route Start="0303" End="0304" Allegiance="ZhCo" />
    <Route Start="0304" End="0705" Allegiance="ZhCo" />
    <Route Start="0705" End="0904" Allegiance="ZhCo" />
    <Route Start="0904" End="1103" Allegiance="ZhCo" />
    <Route Start="1103" End="1402" Allegiance="ZhCo" />
    <Route Start="0421" End="0223" Allegiance="DaCf" />
    <Route Start="0223" End="0325" Allegiance="DaCf" />
    <Route Start="0325" End="0426" Allegiance="DaCf" />
    <Route Start="0426" End="0527" Allegiance="DaCf" />
    <Route Start="0527" End="0727" Allegiance="DaCf" />
    <Route Start="0325" End="0624" Allegiance="DaCf" />
    <Route Start="0624" End="0724" Allegiance="DaCf" />
  </Routes>
</Sector>